<?xml version="1.0" encoding="utf-16"?><MetadataCache xmlns:xsd="http://www.w3.org/2001/XMLSchema" xmlns:xsi="http://www.w3.org/2001/XMLSchema-instance"><CacheVersion>2</CacheVersion><Checksum /><LastModified>2019-12-11T13:22:59.2578002Z</LastModified><ReadmeData><ArrayOfString><string>readme.md</string><string>---
Name: BlueZ
Packed by: DanTheMan827
Packed on: Sun Nov 17 14:27:14 CST 2019
Category: System
---
BlueZ is the official Linux Bluetooth stack. It provides, in it's modular way, support for the core Bluetooth layers and protocols.

You can find more information about this on the BlueZ upstream homepage  [here](http://www.bluez.org/)
</string></ArrayOfString></ReadmeData><LibretroInfo /></MetadataCache>