<?xml version="1.0" encoding="utf-16"?><MetadataCache xmlns:xsd="http://www.w3.org/2001/XMLSchema" xmlns:xsi="http://www.w3.org/2001/XMLSchema-instance"><CacheVersion>2</CacheVersion><Checksum /><LastModified>2019-11-22T11:57:00Z</LastModified><ReadmeData><ArrayOfString><string>readme.md</string><string>---
Name: Clovercon Hack
Category: System
Creator: Cluster
---
This module installs a custom clovercon gamepad driver.

## Features

- It allows the use of button combination to open menu
- Autofire
- Start button simulation on second controller (for Famicom Mini)

Module by cluster/Updated by madmonkey &amp; KMFDManic  
Hakchi module system by madmonkey  
NES Mini shell integration by Cluster  
(c) 2016-2017
</string></ArrayOfString></ReadmeData><LibretroInfo /></MetadataCache>