<?xml version="1.0" encoding="utf-16"?><MetadataCache xmlns:xsd="http://www.w3.org/2001/XMLSchema" xmlns:xsi="http://www.w3.org/2001/XMLSchema-instance"><CacheVersion>2</CacheVersion><Checksum /><LastModified>2019-11-22T11:57:00Z</LastModified><ReadmeData><ArrayOfString><string>readme.md</string><string>---
Name: Copyleft Text
Category: System
Creator: Cluster
---
This adds copyleft text to the copyright header in the UI.</string></ArrayOfString></ReadmeData><LibretroInfo /></MetadataCache>