<?xml version="1.0" encoding="utf-16"?><MetadataCache xmlns:xsd="http://www.w3.org/2001/XMLSchema" xmlns:xsi="http://www.w3.org/2001/XMLSchema-instance"><CacheVersion>2</CacheVersion><Checksum /><LastModified>2019-11-22T11:57:00Z</LastModified><ReadmeData><ArrayOfString><string>readme.md</string><string>---
Name: Font Remount
Creator: DanTheMan827
Category: UI
Version: 1.2.0
Packed on: Tue Mar 27 20:19:21 DST 2018
Git commit: b5217ca
---

This module will search **/media/hakchi/fonts** and **/var/lib/hakchi/fonts** for font files with the following names

- title.fnt
- copyright.fnt
- debug.fnt
- small.fnt
- medium.fnt
- large.fnt

It comes with an extended title.fnt by default and will use that if no other is specified.

A description of the font files is as follows:

**title.fnt**  
This is the game title font

**copyright.fnt**  
This is used on the legal screen.

**small.fnt**  
This is used for the button legend and in tooltips.

**medium.fnt**  
This is used all over the UI.

**large.fnt**  
This is used for menu headings.
</string></ArrayOfString></ReadmeData><LibretroInfo /></MetadataCache>