<?xml version="1.0" encoding="utf-16"?><MetadataCache xmlns:xsd="http://www.w3.org/2001/XMLSchema" xmlns:xsi="http://www.w3.org/2001/XMLSchema-instance"><CacheVersion>2</CacheVersion><Checksum /><LastModified>2019-11-22T11:57:02Z</LastModified><ReadmeData><ArrayOfString><string>readme.md</string><string>---
Name: Gamepath Cleanup
Category: System
Creator: DanTheMan827
---
This mod will delete the old gamepath to free up space for syncing games after upgrading to hakchi2 ce.</string></ArrayOfString></ReadmeData><LibretroInfo /></MetadataCache>