<?xml version="1.0" encoding="utf-16"?><MetadataCache xmlns:xsd="http://www.w3.org/2001/XMLSchema" xmlns:xsi="http://www.w3.org/2001/XMLSchema-instance"><CacheVersion>2</CacheVersion><Checksum /><LastModified>2019-11-22T11:57:02Z</LastModified><ReadmeData><ArrayOfString><string>readme.md</string><string>---
Name: NTFS-3G
Category: System
Creator: skogaby
---
NTFS-3G is an open source cross-platform implementation of the Microsoft Windows NTFS file system with read-write support.

It is required if you want to use a NTFS formatted USB drive or SD card.

NTFS-3G is developed by Tuxera and is dual-licensed GNU GPL/Proprietary</string></ArrayOfString></ReadmeData><LibretroInfo /></MetadataCache>